INSERT INTO IT_company_member VALUES ('?','?','?','?','admin@admin','000-0000-0000','?','admin , admin','2018-09-24 15:05:35'),('admin','admin','admin','admin','admin@admin','000-0000-0000','admin','admin,admin','2018-09-14 16:40:06'),('admin1','admin','admin','admin1','admin@admin','000-0000-0000','admin','admin,admin','2018-09-14 16:43:57'),('admin2','admin','admin','admin1','admin@admin','000-0000-0000','admin','admin,admin','2018-09-15 15:12:49'),('hoseo','hoseo','hoseo','hoeseo','hoseo@ac.kr','000-0000-0000',NULL,' , ','2018-10-08 11:26:16');


INSERT INTO IT_personal_member VALUES ('admin','admin','admin','admin@admin','010-0000-0000','M','admin','admin , admin','2018-10-02 10:10:33'),('de1bo','123456','보마','asd123@naver.com','010-2880-6403','F','14302','경기 광명 객골길 21 () , 범이 ','2018-10-04 10:54:37'),('haeeone','123456','','null@null','010-4082-5896','F','14786','경기 천시 길로 80 (길동, 치옥길브리즈),612401','2018-08-29 10:50:41'),('haeeone1','123456','','null@null','010-4082-5896','F','14786','경기 천시 길로 80 (길동, 치옥길브리즈),612401','2018-08-29 10:52:01'),('shim3786','sys0208','','shim3786@naver.com','010-6355-3786','M','07583',' 강서 강서 420 (촌동, 문학),문학 무실 3','2018-08-29 16:21:13'),('teadone','111111','','teadone@naver.com','010-4082-5896','M','14786','경기 천시 길로 80 (길동, 치옥길브리즈),null','2018-08-29 15:50:11'),('twota','111111','','won-taeyeon@daum.net','010-4082-5885','M','12771','경기 광주   704-13, ','2018-09-03 18:42:27'),('wonta','11111111','wontaeyeon','teadone@naver.com','123-4565-7298','M','14786','','2018-08-29 09:59:52');


INSERT INTO advertisement VALUES 
(1,'admin','최고',' 좋아','최고','2018-09-16 18:58:11',0,'/images/1.jpg','top'),
(2,'admin','n-buna','n-buna@gmail.com','夏草','2018-09-16 19:03:50',0,'/images/3.jpg','top'),
(3,'admin2','진이 뭐하','','밍ㄴ','2018-09-16 22:05:05',0,'/images/2.jpg','top'),
(4,'admin','dd','dfdf','ddd','2018-09-17 11:53:44',0,'/images/1.jpg','top'),
(5,'admin','깔깔','깔깔','깔깔','2018-09-17 12:58:10',0,'/images/3.jpg','top'),
(6,'admin','미 ','미셌','미 ?~','2018-09-16 17:20:39',0,'/images/2.jpg','mid'),
(7,'admin',' ','!?','','2018-09-17 17:34:51',0,'/images/1.jpg','mid'),
(8,'hoseo','조교 구함','admin@admin.com','조교구함','2018-10-08 11:27:06',0,'/images/3.jpg','top'),
(9,'hoseo','','','','2018-10-08 11:28:53',0,'/images/2.jpg','top'),
(10,'hoseo','','','','2018-10-08 11:29:22',0,'/images/1.jpg','mid'),
(11,'admin','최고',' 좋아','최고','2018-09-16 18:58:11',0,'/images/1.jpg','top'),
(12,'admin','n-buna','n-buna@gmail.com','夏草','2018-09-16 19:03:50',0,'/images/3.jpg','top'),
(13,'admin2','진이 뭐하','','밍ㄴ','2018-09-16 22:05:05',0,'/images/2.jpg','top'),
(14,'admin','dd','dfdf','ddd','2018-09-17 11:53:44',0,'/images/1.jpg','top'),
(15,'admin','깔깔','깔깔','깔깔','2018-09-17 12:58:10',0,'/images/3.jpg','top'),
(16,'admin','미 ','미셌','미 ?~','2018-09-16 17:20:39',0,'/images/2.jpg','mid'),
(17,'admin',' ','!?','','2018-09-17 17:34:51',0,'/images/1.jpg','mid'),
(18,'hoseo','조교 구함','admin@admin.com','조교구함','2018-10-08 11:27:06',0,'/images/3.jpg','top'),
(19,'hoseo','','','','2018-10-08 11:28:53',0,'/images/2.jpg','top'),
(20,'hoseo','','','','2018-10-08 11:29:22',0,'/images/4.jpg','mid'),
(21,'admin','깔깔','깔깔','깔깔','2018-09-17 12:58:10',0,'/images/3.jpg','mid'),
(22,'admin','미 ','미셌','미 ?~','2018-09-16 17:20:39',0,'/images/2.jpg','mid'),
(23,'admin',' ','!?','','2018-09-17 17:34:51',0,'/images/1.jpg','mid'),
(24,'hoseo','조교 구함','admin@admin.com','조교구함','2018-10-08 11:27:06',0,'/images/3.jpg','mid'),
(25,'hoseo','','','','2018-10-08 11:28:53',0,'/images/2.jpg','mid'),
(26,'hoseo','','','','2018-10-08 11:29:22',0,'/images/4.jpg','mid'),
(27,'admin','dd','dfdf','ddd','2018-09-17 11:53:44',0,'/images/1.jpg','top'),
(null,'admin','깔깔','깔깔','깔깔','2018-09-17 12:58:10',0,'/images/3.jpg','mid'),
(null,'admin','미 ','미셌','미 ?~','2018-09-16 17:20:39',0,'/images/2.jpg','mid'),
(null,'admin',' ','!?','','2018-09-17 17:34:51',0,'/images/1.jpg','mid'),
(null,'hoseo','조교 구함','admin@admin.com','조교구함','2018-10-08 11:27:06',0,'/images/3.jpg','mid'),
(null,'hoseo','','','','2018-10-08 11:28:53',0,'/images/2.jpg','mid'),
(null,'hoseo','','','','2018-10-08 11:29:22',0,'/images/4.jpg','mid'),
(null,'admin','깔깔','깔깔','깔깔','2018-09-17 12:58:10',0,'/images/3.jpg','mid'),
(null,'admin','미 ','미셌','미 ?~','2018-09-16 17:20:39',0,'/images/2.jpg','mid'),
(null,'admin',' ','!?','','2018-09-17 17:34:51',0,'/images/1.jpg','mid'),
(null,'hoseo','조교 구함','admin@admin.com','조교구함','2018-10-08 11:27:06',0,'/images/3.jpg','mid'),
(null,'hoseo','','','','2018-10-08 11:28:53',0,'/images/2.jpg','mid'),
(null,'hoseo','','','','2018-10-08 11:29:22',0,'/images/4.jpg','mid'),
(null,'admin','깔깔','깔깔','깔깔','2018-09-17 12:58:10',0,'/images/3.jpg','mid'),
(null,'admin','미 ','미셌','미 ?~','2018-09-16 17:20:39',0,'/images/2.jpg','mid'),
(null,'admin',' ','!?','','2018-09-17 17:34:51',0,'/images/1.jpg','mid'),
(null,'hoseo','조교 구함','admin@admin.com','조교구함','2018-10-08 11:27:06',0,'/images/3.jpg','mid'),
(null,'hoseo','','','','2018-10-08 11:28:53',0,'/images/2.jpg','mid'),
(null,'hoseo','','','','2018-10-08 11:29:22',0,'/images/4.jpg','mid');



INSERT INTO board VALUES (1,'asdf','asfasdfa','asdfas','asdf','2018-09-10 11:14:56',2,1,0,0,'','61.35.152.68'),(2,'볚','RKFRKFRKFRKF','[]볝','1234','2018-09-10 11:21:45',2,1,1,1,'볝','61.35.152.68'),(3,'깔깔','','','akds','2018-09-10 12:43:28',2,3,0,0,'미ㅏ;','61.35.152.68'),(4,'wonta','?','깔깔','11111111','2018-09-10 19:14:31',2,4,0,0,'asdf;klasdjf;alk','61.35.152.68'),(5,'admin','admin@admin.com','admin ','admin','2018-09-14 16:25:48',1,5,0,0,'리자 계정(기업)','39.120.69.98'),(10,'wonta','teadone@naver.com',' ,   로그','11111111','2018-10-01 19:48:14',3,6,0,0,'dafdfd','61.35.152.68'),(11,'admin','fasdfasd','adsfasdfasd','admin','2018-10-02 10:34:43',2,11,0,0,'fasdfasdfasd','61.35.152.68'),(12,'de1bo','asd123@naver.com','','123456','2018-10-04 10:55:26',0,12,0,0,' 보마 모두 ~','61.35.152.68'),(13,'de1bo','123',' ?','123456','2018-10-04 10:55:44',1,13,0,0,'죠습','61.35.152.68');
 

INSERT INTO notice VALUES (4,'itjobs','첫번째공','2018-09-29 14:34:21'),(5,'itjobs','첫번째공','2018-09-29 14:35:11'),(6,'itjobs','첫번째공','2018-09-29 14:35:42'),(7,'itjobs','첫번째공','2018-09-29 15:05:10'),(10,'Asdfads','Asfas','2018-09-29 16:00:42'),(13,'asfasdfas','dfasdfasdfas','2018-10-01 19:30:11'),(14,'커밋 문제','그런..','2018-10-01 19:37:53');


